impl,grid_size,num_threads,time
seq,32,1,0.000694
seq,32,1,0.000692
seq,32,1,0.000697
seq,32,1,0.000694
seq,32,1,0.000739
seq,32,1,0.000757
seq,32,1,0.000747
seq,32,1,0.000699
seq,32,1,0.000696
seq,32,1,0.000741
seq,32,1,0.000697
seq,32,1,0.000697
seq,32,1,0.000697
seq,32,1,0.000697
seq,32,1,0.000735
seq,64,1,0.003548
seq,64,1,0.002886
seq,64,1,0.002929
seq,64,1,0.003102
seq,64,1,0.002886
seq,64,1,0.002925
seq,64,1,0.002894
seq,64,1,0.002895
seq,64,1,0.003362
seq,64,1,0.002867
seq,64,1,0.002865
seq,64,1,0.003273
seq,64,1,0.002882
seq,64,1,0.002839
seq,64,1,0.002849
seq,128,1,0.012007
seq,128,1,0.011696
seq,128,1,0.011867
seq,128,1,0.011892
seq,128,1,0.011634
seq,128,1,0.012090
seq,128,1,0.011712
seq,128,1,0.011794
seq,128,1,0.011888
seq,128,1,0.011985
seq,128,1,0.011610
seq,128,1,0.011570
seq,128,1,0.012061
seq,128,1,0.011617
seq,128,1,0.012092
seq,256,1,0.047303
seq,256,1,0.047024
seq,256,1,0.047450
seq,256,1,0.047409
seq,256,1,0.047803
seq,256,1,0.047108
seq,256,1,0.047664
seq,256,1,0.047434
seq,256,1,0.047444
seq,256,1,0.047509
seq,256,1,0.047567
seq,256,1,0.047034
seq,256,1,0.047566
seq,256,1,0.047023
seq,256,1,0.047619
seq,512,1,0.187386
seq,512,1,0.187040
seq,512,1,0.186594
seq,512,1,0.187160
seq,512,1,0.189223
seq,512,1,0.187140
seq,512,1,0.187113
seq,512,1,0.187474
seq,512,1,0.187950
seq,512,1,0.186971
seq,512,1,0.187837
seq,512,1,0.189251
seq,512,1,0.187124
seq,512,1,0.188286
seq,512,1,0.197922
seq,1024,1,0.751158
seq,1024,1,0.746304
seq,1024,1,0.748428
seq,1024,1,0.746499
seq,1024,1,0.745311
seq,1024,1,0.746274
seq,1024,1,0.748116
seq,1024,1,0.747625
seq,1024,1,0.745795
seq,1024,1,0.753049
seq,1024,1,0.751547
seq,1024,1,0.746200
seq,1024,1,0.745514
seq,1024,1,0.748339
seq,1024,1,0.746515
seq,2048,1,3.019819
seq,2048,1,2.995129
seq,2048,1,2.987503
seq,2048,1,2.986649
seq,2048,1,2.994717
seq,2048,1,3.021661
seq,2048,1,3.057111
seq,2048,1,3.006459
seq,2048,1,3.028717
seq,2048,1,3.040140
seq,2048,1,2.988262
seq,2048,1,2.987168
seq,2048,1,2.981736
seq,2048,1,2.984251
seq,2048,1,3.025714
seq,4096,1,11.933878
seq,4096,1,11.932573
seq,4096,1,11.926156
seq,4096,1,11.921711
seq,4096,1,11.927481
seq,4096,1,11.938068
seq,4096,1,11.942727
seq,4096,1,11.927849
seq,4096,1,11.925966
seq,4096,1,11.920061
seq,4096,1,11.913054
seq,4096,1,11.950735
seq,4096,1,11.918167
seq,4096,1,11.930288
seq,4096,1,11.919417
pth,32,1,0.002589
pth,32,1,0.002011
pth,32,1,0.002086
pth,32,1,0.002453
pth,32,1,0.001974
pth,32,1,0.002572
pth,32,1,0.002146
pth,32,1,0.002524
pth,32,1,0.002392
pth,32,1,0.001938
pth,32,1,0.002008
pth,32,1,0.002074
pth,32,1,0.002062
pth,32,1,0.001975
pth,32,1,0.002112
pth,32,2,0.002466
pth,32,2,0.002235
pth,32,2,0.002093
pth,32,2,0.002273
pth,32,2,0.002105
pth,32,2,0.002139
pth,32,2,0.002047
pth,32,2,0.002033
pth,32,2,0.002204
pth,32,2,0.002052
pth,32,2,0.002567
pth,32,2,0.002242
pth,32,2,0.002349
pth,32,2,0.002145
pth,32,2,0.002356
pth,32,4,0.002740
pth,32,4,0.002766
pth,32,4,0.002787
pth,32,4,0.002881
pth,32,4,0.002949
pth,32,4,0.003122
pth,32,4,0.003247
pth,32,4,0.003239
pth,32,4,0.002964
pth,32,4,0.002976
pth,32,4,0.002787
pth,32,4,0.002812
pth,32,4,0.002978
pth,32,4,0.002896
pth,32,4,0.003027
pth,32,8,0.006588
pth,32,8,0.006519
pth,32,8,0.006494
pth,32,8,0.006797
pth,32,8,0.006532
pth,32,8,0.006432
pth,32,8,0.006352
pth,32,8,0.007712
pth,32,8,0.006577
pth,32,8,0.006301
pth,32,8,0.006498
pth,32,8,0.006681
pth,32,8,0.006692
pth,32,8,0.006305
pth,32,8,0.006427
pth,32,16,0.014007
pth,32,16,0.014449
pth,32,16,0.014708
pth,32,16,0.014486
pth,32,16,0.014558
pth,32,16,0.013793
pth,32,16,0.013772
pth,32,16,0.014173
pth,32,16,0.014903
pth,32,16,0.014309
pth,32,16,0.015734
pth,32,16,0.015075
pth,32,16,0.015786
pth,32,16,0.016271
pth,32,16,0.016250
pth,32,32,0.033749
pth,32,32,0.034005
pth,32,32,0.035186
pth,32,32,0.036527
pth,32,32,0.034530
pth,32,32,0.036896
pth,32,32,0.037201
pth,32,32,0.037167
pth,32,32,0.037202
pth,32,32,0.035865
pth,32,32,0.035566
pth,32,32,0.037434
pth,32,32,0.037502
pth,32,32,0.038374
pth,32,32,0.037744
pth,64,1,0.006725
pth,64,1,0.007271
pth,64,1,0.007165
pth,64,1,0.007218
pth,64,1,0.007482
pth,64,1,0.006576
pth,64,1,0.006616
pth,64,1,0.006528
pth,64,1,0.006185
pth,64,1,0.006236
pth,64,1,0.006063
pth,64,1,0.006756
pth,64,1,0.006468
pth,64,1,0.006291
pth,64,1,0.006279
pth,64,2,0.004645
pth,64,2,0.004610
pth,64,2,0.004200
pth,64,2,0.004551
pth,64,2,0.004201
pth,64,2,0.004479
pth,64,2,0.004665
pth,64,2,0.004148
pth,64,2,0.004185
pth,64,2,0.004476
pth,64,2,0.004526
pth,64,2,0.004816
pth,64,2,0.004383
pth,64,2,0.004478
pth,64,2,0.004352
pth,64,4,0.005276
pth,64,4,0.005302
pth,64,4,0.005373
pth,64,4,0.005180
pth,64,4,0.005126
pth,64,4,0.005163
pth,64,4,0.005318
pth,64,4,0.005124
pth,64,4,0.005169
pth,64,4,0.005342
pth,64,4,0.005241
pth,64,4,0.005280
pth,64,4,0.005351
pth,64,4,0.005096
pth,64,4,0.005281
pth,64,8,0.009056
pth,64,8,0.008573
pth,64,8,0.008618
pth,64,8,0.008927
pth,64,8,0.008355
pth,64,8,0.009165
pth,64,8,0.009507
pth,64,8,0.009383
pth,64,8,0.008785
pth,64,8,0.009298
pth,64,8,0.008785
pth,64,8,0.008752
pth,64,8,0.008847
pth,64,8,0.009462
pth,64,8,0.010391
pth,64,16,0.019380
pth,64,16,0.018792
pth,64,16,0.018063
pth,64,16,0.019651
pth,64,16,0.019038
pth,64,16,0.018458
pth,64,16,0.018382
pth,64,16,0.018642
pth,64,16,0.018398
pth,64,16,0.019612
pth,64,16,0.020586
pth,64,16,0.018562
pth,64,16,0.020266
pth,64,16,0.019547
pth,64,16,0.019482
pth,64,32,0.039686
pth,64,32,0.037861
pth,64,32,0.037673
pth,64,32,0.039759
pth,64,32,0.038595
pth,64,32,0.037894
pth,64,32,0.037930
pth,64,32,0.039269
pth,64,32,0.037237
pth,64,32,0.037549
pth,64,32,0.037887
pth,64,32,0.038734
pth,64,32,0.038090
pth,64,32,0.039297
pth,64,32,0.038709
pth,128,1,0.024327
pth,128,1,0.023627
pth,128,1,0.023094
pth,128,1,0.023273
pth,128,1,0.022774
pth,128,1,0.022520
pth,128,1,0.022181
pth,128,1,0.022109
pth,128,1,0.021863
pth,128,1,0.021837
pth,128,1,0.021321
pth,128,1,0.021449
pth,128,1,0.021480
pth,128,1,0.021071
pth,128,1,0.020783
pth,128,2,0.012121
pth,128,2,0.010924
pth,128,2,0.011326
pth,128,2,0.011286
pth,128,2,0.011272
pth,128,2,0.011455
pth,128,2,0.011784
pth,128,2,0.011580
pth,128,2,0.011250
pth,128,2,0.011704
pth,128,2,0.010846
pth,128,2,0.011477
pth,128,2,0.012215
pth,128,2,0.011631
pth,128,2,0.011811
pth,128,4,0.009208
pth,128,4,0.008925
pth,128,4,0.009090
pth,128,4,0.009159
pth,128,4,0.009473
pth,128,4,0.009697
pth,128,4,0.009443
pth,128,4,0.009334
pth,128,4,0.009427
pth,128,4,0.009335
pth,128,4,0.009707
pth,128,4,0.009811
pth,128,4,0.009764
pth,128,4,0.009678
pth,128,4,0.009859
pth,128,8,0.012644
pth,128,8,0.013134
pth,128,8,0.013242
pth,128,8,0.013215
pth,128,8,0.013072
pth,128,8,0.013047
pth,128,8,0.013256
pth,128,8,0.013044
pth,128,8,0.013761
pth,128,8,0.014536
pth,128,8,0.014517
pth,128,8,0.014271
pth,128,8,0.014110
pth,128,8,0.013968
pth,128,8,0.013909
pth,128,16,0.022064
pth,128,16,0.021142
pth,128,16,0.021443
pth,128,16,0.021859
pth,128,16,0.021352
pth,128,16,0.022497
pth,128,16,0.022018
pth,128,16,0.022216
pth,128,16,0.021885
pth,128,16,0.022184
pth,128,16,0.022738
pth,128,16,0.022718
pth,128,16,0.022410
pth,128,16,0.022842
pth,128,16,0.023011
pth,128,32,0.042126
pth,128,32,0.041788
pth,128,32,0.041347
pth,128,32,0.041668
pth,128,32,0.042199
pth,128,32,0.041108
pth,128,32,0.041529
pth,128,32,0.042152
pth,128,32,0.041997
pth,128,32,0.041831
pth,128,32,0.041871
pth,128,32,0.042480
pth,128,32,0.041537
pth,128,32,0.043263
pth,128,32,0.040534
pth,256,1,0.084365
pth,256,1,0.078719
pth,256,1,0.075940
pth,256,1,0.072968
pth,256,1,0.071455
pth,256,1,0.070408
pth,256,1,0.068219
pth,256,1,0.068327
pth,256,1,0.066906
pth,256,1,0.066407
pth,256,1,0.066629
pth,256,1,0.066563
pth,256,1,0.066486
pth,256,1,0.066667
pth,256,1,0.066588
pth,256,2,0.035039
pth,256,2,0.037884
pth,256,2,0.036591
pth,256,2,0.037472
pth,256,2,0.038473
pth,256,2,0.038463
pth,256,2,0.039849
pth,256,2,0.039561
pth,256,2,0.039833
pth,256,2,0.040466
pth,256,2,0.040713
pth,256,2,0.040754
pth,256,2,0.040339
pth,256,2,0.041298
pth,256,2,0.040646
pth,256,4,0.024984
pth,256,4,0.025571
pth,256,4,0.026374
pth,256,4,0.027008
pth,256,4,0.027158
pth,256,4,0.027311
pth,256,4,0.028784
pth,256,4,0.027582
pth,256,4,0.027986
pth,256,4,0.028238
pth,256,4,0.029588
pth,256,4,0.029703
pth,256,4,0.030853
pth,256,4,0.028917
pth,256,4,0.028659
pth,256,8,0.032629
pth,256,8,0.032360
pth,256,8,0.033120
pth,256,8,0.033580
pth,256,8,0.033870
pth,256,8,0.034499
pth,256,8,0.033517
pth,256,8,0.033714
pth,256,8,0.034697
pth,256,8,0.033282
pth,256,8,0.033897
pth,256,8,0.033884
pth,256,8,0.033596
pth,256,8,0.033278
pth,256,8,0.033685
pth,256,16,0.040252
pth,256,16,0.040895
pth,256,16,0.040992
pth,256,16,0.041484
pth,256,16,0.040580
pth,256,16,0.041425
pth,256,16,0.040893
pth,256,16,0.040589
pth,256,16,0.039465
pth,256,16,0.039266
pth,256,16,0.039815
pth,256,16,0.041345
pth,256,16,0.041381
pth,256,16,0.041397
pth,256,16,0.040910
pth,256,32,0.056209
pth,256,32,0.056100
pth,256,32,0.055811
pth,256,32,0.055587
pth,256,32,0.054522
pth,256,32,0.056421
pth,256,32,0.056519
pth,256,32,0.056426
pth,256,32,0.056337
pth,256,32,0.055809
pth,256,32,0.054952
pth,256,32,0.054656
pth,256,32,0.056036
pth,256,32,0.055311
pth,256,32,0.056389
pth,512,1,0.308224
pth,512,1,0.261170
pth,512,1,0.245940
pth,512,1,0.240307
pth,512,1,0.240443
pth,512,1,0.234557
pth,512,1,0.241602
pth,512,1,0.238199
pth,512,1,0.234436
pth,512,1,0.240211
pth,512,1,0.234481
pth,512,1,0.241519
pth,512,1,0.240796
pth,512,1,0.237034
pth,512,1,0.235067
pth,512,2,0.126866
pth,512,2,0.134466
pth,512,2,0.139476
pth,512,2,0.144289
pth,512,2,0.143695
pth,512,2,0.144333
pth,512,2,0.147990
pth,512,2,0.149023
pth,512,2,0.152734
pth,512,2,0.148609
pth,512,2,0.146849
pth,512,2,0.144010
pth,512,2,0.148395
pth,512,2,0.147628
pth,512,2,0.144171
pth,512,4,0.082842
pth,512,4,0.089076
pth,512,4,0.090530
pth,512,4,0.096231
pth,512,4,0.094523
pth,512,4,0.098811
pth,512,4,0.099420
pth,512,4,0.099247
pth,512,4,0.098485
pth,512,4,0.099295
pth,512,4,0.100154
pth,512,4,0.097270
pth,512,4,0.099729
pth,512,4,0.102804
pth,512,4,0.098016
pth,512,8,0.105037
pth,512,8,0.106516
pth,512,8,0.110162
pth,512,8,0.110537
pth,512,8,0.105203
pth,512,8,0.108733
pth,512,8,0.110415
pth,512,8,0.105826
pth,512,8,0.108295
pth,512,8,0.110033
pth,512,8,0.107981
pth,512,8,0.106222
pth,512,8,0.110157
pth,512,8,0.106718
pth,512,8,0.109168
pth,512,16,0.119726
pth,512,16,0.117365
pth,512,16,0.116505
pth,512,16,0.120656
pth,512,16,0.118249
pth,512,16,0.117261
pth,512,16,0.119788
pth,512,16,0.117496
pth,512,16,0.118584
pth,512,16,0.120604
pth,512,16,0.119163
pth,512,16,0.115410
pth,512,16,0.118486
pth,512,16,0.120508
pth,512,16,0.120205
pth,512,32,0.131078
pth,512,32,0.134374
pth,512,32,0.130642
pth,512,32,0.131033
pth,512,32,0.128793
pth,512,32,0.134202
pth,512,32,0.129724
pth,512,32,0.130981
pth,512,32,0.133958
pth,512,32,0.129856
pth,512,32,0.129048
pth,512,32,0.131297
pth,512,32,0.133634
pth,512,32,0.127916
pth,512,32,0.132174
pth,1024,1,1.042594
pth,1024,1,0.923158
pth,1024,1,0.917704
pth,1024,1,0.919623
pth,1024,1,0.919196
pth,1024,1,0.920801
pth,1024,1,0.918457
pth,1024,1,0.920716
pth,1024,1,0.917810
pth,1024,1,0.918290
pth,1024,1,0.925188
pth,1024,1,0.921539
pth,1024,1,0.916909
pth,1024,1,0.920125
pth,1024,1,0.918822
pth,1024,2,0.517069
pth,1024,2,0.555227
pth,1024,2,0.558190
pth,1024,2,0.573444
pth,1024,2,0.569000
pth,1024,2,0.558216
pth,1024,2,0.562049
pth,1024,2,0.568471
pth,1024,2,0.560600
pth,1024,2,0.560942
pth,1024,2,0.556395
pth,1024,2,0.557045
pth,1024,2,0.573899
pth,1024,2,0.566948
pth,1024,2,0.557817
pth,1024,4,0.338155
pth,1024,4,0.355772
pth,1024,4,0.370175
pth,1024,4,0.367391
pth,1024,4,0.375789
pth,1024,4,0.358074
pth,1024,4,0.367146
pth,1024,4,0.366838
pth,1024,4,0.366545
pth,1024,4,0.367571
pth,1024,4,0.372523
pth,1024,4,0.373769
pth,1024,4,0.372135
pth,1024,4,0.367420
pth,1024,4,0.370525
pth,1024,8,0.394829
pth,1024,8,0.389901
pth,1024,8,0.402746
pth,1024,8,0.395952
pth,1024,8,0.390018
pth,1024,8,0.397780
pth,1024,8,0.394143
pth,1024,8,0.393759
pth,1024,8,0.393905
pth,1024,8,0.392213
pth,1024,8,0.391350
pth,1024,8,0.392856
pth,1024,8,0.392777
pth,1024,8,0.391259
pth,1024,8,0.394412
pth,1024,16,0.409574
pth,1024,16,0.401952
pth,1024,16,0.402468
pth,1024,16,0.407068
pth,1024,16,0.405828
pth,1024,16,0.403881
pth,1024,16,0.406447
pth,1024,16,0.402018
pth,1024,16,0.408613
pth,1024,16,0.409204
pth,1024,16,0.405795
pth,1024,16,0.402396
pth,1024,16,0.412183
pth,1024,16,0.404173
pth,1024,16,0.404436
pth,1024,32,0.426675
pth,1024,32,0.426893
pth,1024,32,0.428537
pth,1024,32,0.423675
pth,1024,32,0.431595
pth,1024,32,0.425916
pth,1024,32,0.427212
pth,1024,32,0.424383
pth,1024,32,0.425747
pth,1024,32,0.434472
pth,1024,32,0.427764
pth,1024,32,0.427886
pth,1024,32,0.422503
pth,1024,32,0.427084
pth,1024,32,0.426271
pth,2048,1,3.813723
pth,2048,1,3.687704
pth,2048,1,3.734781
pth,2048,1,3.678611
pth,2048,1,3.694649
pth,2048,1,3.680728
pth,2048,1,3.691616
pth,2048,1,3.681447
pth,2048,1,3.838516
pth,2048,1,3.919442
pth,2048,1,3.872204
pth,2048,1,3.737469
pth,2048,1,3.706550
pth,2048,1,3.703803
pth,2048,1,3.692089
pth,2048,2,2.186890
pth,2048,2,2.228195
pth,2048,2,2.242246
pth,2048,2,2.230031
pth,2048,2,2.230965
pth,2048,2,2.226354
pth,2048,2,2.225257
pth,2048,2,2.226196
pth,2048,2,2.239428
pth,2048,2,2.231785
pth,2048,2,2.227993
pth,2048,2,2.229226
pth,2048,2,2.227786
pth,2048,2,2.219718
pth,2048,2,2.224275
pth,2048,4,1.388966
pth,2048,4,1.430036
pth,2048,4,1.426362
pth,2048,4,1.437844
pth,2048,4,1.419976
pth,2048,4,1.418882
pth,2048,4,1.449436
pth,2048,4,1.492970
pth,2048,4,1.437400
pth,2048,4,1.416372
pth,2048,4,1.442272
pth,2048,4,1.431613
pth,2048,4,1.434098
pth,2048,4,1.423343
pth,2048,4,1.425088
pth,2048,8,1.529005
pth,2048,8,1.537588
pth,2048,8,1.543078
pth,2048,8,1.548774
pth,2048,8,1.541661
pth,2048,8,1.541317
pth,2048,8,1.537969
pth,2048,8,1.532596
pth,2048,8,1.540577
pth,2048,8,1.548146
pth,2048,8,1.548607
pth,2048,8,1.544674
pth,2048,8,1.542203
pth,2048,8,1.533842
pth,2048,8,1.551334
pth,2048,16,1.613290
pth,2048,16,1.626531
pth,2048,16,1.626984
pth,2048,16,1.613558
pth,2048,16,1.606454
pth,2048,16,1.615796
pth,2048,16,1.607160
pth,2048,16,1.610051
pth,2048,16,1.606159
pth,2048,16,1.617334
pth,2048,16,1.623728
pth,2048,16,1.616933
pth,2048,16,1.636951
pth,2048,16,1.617893
pth,2048,16,1.618501
pth,2048,32,1.601318
pth,2048,32,1.628792
pth,2048,32,1.604558
pth,2048,32,1.608791
pth,2048,32,1.736488
pth,2048,32,1.611238
pth,2048,32,1.619378
pth,2048,32,1.611901
pth,2048,32,1.609453
pth,2048,32,1.603467
pth,2048,32,1.603264
pth,2048,32,1.609672
pth,2048,32,1.615594
pth,2048,32,1.608451
pth,2048,32,1.611509
pth,4096,1,14.720212
pth,4096,1,14.653426
pth,4096,1,14.600856
pth,4096,1,14.668166
pth,4096,1,14.609207
pth,4096,1,14.623912
pth,4096,1,14.589974
pth,4096,1,14.597272
pth,4096,1,14.598389
pth,4096,1,14.623126
pth,4096,1,14.686443
pth,4096,1,14.610517
pth,4096,1,14.612908
pth,4096,1,14.619413
pth,4096,1,14.558790
pth,4096,2,8.857252
pth,4096,2,8.997964
pth,4096,2,9.027664
pth,4096,2,8.851890
pth,4096,2,8.865038
pth,4096,2,8.861236
pth,4096,2,9.130146
pth,4096,2,9.042639
pth,4096,2,8.885864
pth,4096,2,8.885334
pth,4096,2,8.847604
pth,4096,2,8.995647
pth,4096,2,9.047328
pth,4096,2,9.000745
pth,4096,2,8.834220
pth,4096,4,5.616562
pth,4096,4,9.404871
pth,4096,4,5.804644
pth,4096,4,5.622482
pth,4096,4,5.644153
pth,4096,4,6.000554
pth,4096,4,5.899542
pth,4096,4,5.827484
pth,4096,4,5.787630
pth,4096,4,5.824420
pth,4096,4,5.862555
pth,4096,4,5.803557
pth,4096,4,5.768092
pth,4096,4,5.776727
pth,4096,4,5.813686
pth,4096,8,6.364399
pth,4096,8,6.285536
pth,4096,8,6.256187
pth,4096,8,6.277403
pth,4096,8,6.250577
pth,4096,8,6.279806
pth,4096,8,6.310429
pth,4096,8,6.279536
pth,4096,8,6.269598
pth,4096,8,6.275781
pth,4096,8,6.341663
pth,4096,8,6.269900
pth,4096,8,6.292486
pth,4096,8,6.260617
pth,4096,8,6.273755
pth,4096,16,6.457093
pth,4096,16,6.435418
pth,4096,16,6.454459
pth,4096,16,6.436525
pth,4096,16,6.462291
pth,4096,16,6.479321
pth,4096,16,6.424593
pth,4096,16,6.417724
pth,4096,16,6.499445
pth,4096,16,6.440111
pth,4096,16,6.482148
pth,4096,16,6.448711
pth,4096,16,6.446961
pth,4096,16,6.475105
pth,4096,16,6.459900
pth,4096,32,6.374613
pth,4096,32,6.251846
pth,4096,32,6.227115
pth,4096,32,6.250757
pth,4096,32,6.242460
pth,4096,32,6.215356
pth,4096,32,6.227532
pth,4096,32,6.210700
pth,4096,32,6.388673
pth,4096,32,6.384208
pth,4096,32,6.443418
pth,4096,32,6.202269
pth,4096,32,6.171360
pth,4096,32,6.206624
pth,4096,32,6.189039
omp,32,1,0.001219
omp,32,1,0.001207
omp,32,1,0.001215
omp,32,1,0.001207
omp,32,1,0.001206
omp,32,1,0.001317
omp,32,1,0.001205
omp,32,1,0.001214
omp,32,1,0.001219
omp,32,1,0.001207
omp,32,1,0.001260
omp,32,1,0.001207
omp,32,1,0.001216
omp,32,1,0.001233
omp,32,1,0.001159
omp,32,2,0.000729
omp,32,2,0.000735
omp,32,2,0.000729
omp,32,2,0.000741
omp,32,2,0.000731
omp,32,2,0.000752
omp,32,2,0.000730
omp,32,2,0.000755
omp,32,2,0.000729
omp,32,2,0.000731
omp,32,2,0.000731
omp,32,2,0.000739
omp,32,2,0.000702
omp,32,2,0.000732
omp,32,2,0.000731
omp,32,4,0.000498
omp,32,4,0.000504
omp,32,4,0.000510
omp,32,4,0.000484
omp,32,4,0.000471
omp,32,4,0.000485
omp,32,4,0.000475
omp,32,4,0.000475
omp,32,4,0.000495
omp,32,4,0.000597
omp,32,4,0.000488
omp,32,4,0.000467
omp,32,4,0.000493
omp,32,4,0.000494
omp,32,4,0.000472
omp,32,8,0.000539
omp,32,8,0.000540
omp,32,8,0.000536
omp,32,8,0.000543
omp,32,8,0.000540
omp,32,8,0.000547
omp,32,8,0.000540
omp,32,8,0.000613
omp,32,8,0.000543
omp,32,8,0.000538
omp,32,8,0.000536
omp,32,8,0.000762
omp,32,8,0.000542
omp,32,8,0.000533
omp,32,8,0.000555
omp,32,16,0.003675
omp,32,16,0.003593
omp,32,16,0.003743
omp,32,16,0.003709
omp,32,16,0.003582
omp,32,16,0.003521
omp,32,16,0.003581
omp,32,16,0.003607
omp,32,16,0.003573
omp,32,16,0.003532
omp,32,16,0.003515
omp,32,16,0.003422
omp,32,16,0.003599
omp,32,16,0.003545
omp,32,16,0.003565
omp,32,32,0.006952
omp,32,32,0.007246
omp,32,32,0.006961
omp,32,32,0.006919
omp,32,32,0.006990
omp,32,32,0.007152
omp,32,32,0.007104
omp,32,32,0.007049
omp,32,32,0.007306
omp,32,32,0.006989
omp,32,32,0.006998
omp,32,32,0.007181
omp,32,32,0.007329
omp,32,32,0.007056
omp,32,32,0.007454
omp,64,1,0.005022
omp,64,1,0.004384
omp,64,1,0.004404
omp,64,1,0.004215
omp,64,1,0.004246
omp,64,1,0.004248
omp,64,1,0.004211
omp,64,1,0.004211
omp,64,1,0.004214
omp,64,1,0.004220
omp,64,1,0.004080
omp,64,1,0.004095
omp,64,1,0.004057
omp,64,1,0.004038
omp,64,1,0.004150
omp,64,2,0.002179
omp,64,2,0.002153
omp,64,2,0.002150
omp,64,2,0.002149
omp,64,2,0.002184
omp,64,2,0.002173
omp,64,2,0.002165
omp,64,2,0.002128
omp,64,2,0.002082
omp,64,2,0.002107
omp,64,2,0.002129
omp,64,2,0.002100
omp,64,2,0.002078
omp,64,2,0.002085
omp,64,2,0.002123
omp,64,4,0.001205
omp,64,4,0.001174
omp,64,4,0.001167
omp,64,4,0.001170
omp,64,4,0.001178
omp,64,4,0.001185
omp,64,4,0.001167
omp,64,4,0.001209
omp,64,4,0.001175
omp,64,4,0.001168
omp,64,4,0.001167
omp,64,4,0.001234
omp,64,4,0.001205
omp,64,4,0.001169
omp,64,4,0.001209
omp,64,8,0.001228
omp,64,8,0.001203
omp,64,8,0.001232
omp,64,8,0.001206
omp,64,8,0.001200
omp,64,8,0.001290
omp,64,8,0.001204
omp,64,8,0.001226
omp,64,8,0.001212
omp,64,8,0.001202
omp,64,8,0.001212
omp,64,8,0.001216
omp,64,8,0.001255
omp,64,8,0.001203
omp,64,8,0.001441
omp,64,16,0.004250
omp,64,16,0.004174
omp,64,16,0.004146
omp,64,16,0.004201
omp,64,16,0.004077
omp,64,16,0.004132
omp,64,16,0.004113
omp,64,16,0.004352
omp,64,16,0.004342
omp,64,16,0.004351
omp,64,16,0.004255
omp,64,16,0.004322
omp,64,16,0.004370
omp,64,16,0.004223
omp,64,16,0.004308
omp,64,32,0.007334
omp,64,32,0.007590
omp,64,32,0.007352
omp,64,32,0.007641
omp,64,32,0.007588
omp,64,32,0.007490
omp,64,32,0.007506
omp,64,32,0.007667
omp,64,32,0.007862
omp,64,32,0.007766
omp,64,32,0.007708
omp,64,32,0.007929
omp,64,32,0.007659
omp,64,32,0.008117
omp,64,32,0.007931
omp,128,1,0.018099
omp,128,1,0.016524
omp,128,1,0.016161
omp,128,1,0.016242
omp,128,1,0.015636
omp,128,1,0.015670
omp,128,1,0.015449
omp,128,1,0.015153
omp,128,1,0.015136
omp,128,1,0.014979
omp,128,1,0.014668
omp,128,1,0.014553
omp,128,1,0.014513
omp,128,1,0.014431
omp,128,1,0.014083
omp,128,2,0.007179
omp,128,2,0.007246
omp,128,2,0.007209
omp,128,2,0.007247
omp,128,2,0.007263
omp,128,2,0.007278
omp,128,2,0.007239
omp,128,2,0.007229
omp,128,2,0.007244
omp,128,2,0.007243
omp,128,2,0.007180
omp,128,2,0.007261
omp,128,2,0.007234
omp,128,2,0.007197
omp,128,2,0.007212
omp,128,4,0.003736
omp,128,4,0.003836
omp,128,4,0.003839
omp,128,4,0.003713
omp,128,4,0.003838
omp,128,4,0.003881
omp,128,4,0.003979
omp,128,4,0.003830
omp,128,4,0.003962
omp,128,4,0.003924
omp,128,4,0.003994
omp,128,4,0.003851
omp,128,4,0.004120
omp,128,4,0.003988
omp,128,4,0.004079
omp,128,8,0.003946
omp,128,8,0.003940
omp,128,8,0.003980
omp,128,8,0.004018
omp,128,8,0.003960
omp,128,8,0.004313
omp,128,8,0.004166
omp,128,8,0.004066
omp,128,8,0.004083
omp,128,8,0.004078
omp,128,8,0.004190
omp,128,8,0.004235
omp,128,8,0.004190
omp,128,8,0.004081
omp,128,8,0.004107
omp,128,16,0.007864
omp,128,16,0.007878
omp,128,16,0.007887
omp,128,16,0.007743
omp,128,16,0.007717
omp,128,16,0.007663
omp,128,16,0.007632
omp,128,16,0.007721
omp,128,16,0.007924
omp,128,16,0.007849
omp,128,16,0.008233
omp,128,16,0.008181
omp,128,16,0.008403
omp,128,16,0.007969
omp,128,16,0.008128
omp,128,32,0.010984
omp,128,32,0.011136
omp,128,32,0.011004
omp,128,32,0.011282
omp,128,32,0.011073
omp,128,32,0.011607
omp,128,32,0.011232
omp,128,32,0.011542
omp,128,32,0.011475
omp,128,32,0.011351
omp,128,32,0.011497
omp,128,32,0.011454
omp,128,32,0.011518
omp,128,32,0.011357
omp,128,32,0.011451
omp,256,1,0.068976
omp,256,1,0.063541
omp,256,1,0.060581
omp,256,1,0.057991
omp,256,1,0.056212
omp,256,1,0.054516
omp,256,1,0.053259
omp,256,1,0.052205
omp,256,1,0.051810
omp,256,1,0.050308
omp,256,1,0.050540
omp,256,1,0.050112
omp,256,1,0.049907
omp,256,1,0.049816
omp,256,1,0.049749
omp,256,2,0.025228
omp,256,2,0.025166
omp,256,2,0.025566
omp,256,2,0.026003
omp,256,2,0.026197
omp,256,2,0.026926
omp,256,2,0.026967
omp,256,2,0.026892
omp,256,2,0.027254
omp,256,2,0.027720
omp,256,2,0.027745
omp,256,2,0.029300
omp,256,2,0.028031
omp,256,2,0.028691
omp,256,2,0.028501
omp,256,4,0.014579
omp,256,4,0.015339
omp,256,4,0.015203
omp,256,4,0.015360
omp,256,4,0.015755
omp,256,4,0.015845
omp,256,4,0.015990
omp,256,4,0.016317
omp,256,4,0.016735
omp,256,4,0.016571
omp,256,4,0.016426
omp,256,4,0.016977
omp,256,4,0.017048
omp,256,4,0.017278
omp,256,4,0.017155
omp,256,8,0.017832
omp,256,8,0.017048
omp,256,8,0.017268
omp,256,8,0.017367
omp,256,8,0.017573
omp,256,8,0.017455
omp,256,8,0.017436
omp,256,8,0.017480
omp,256,8,0.017539
omp,256,8,0.018120
omp,256,8,0.017986
omp,256,8,0.018183
omp,256,8,0.018214
omp,256,8,0.019014
omp,256,8,0.018181
omp,256,16,0.024792
omp,256,16,0.024595
omp,256,16,0.025208
omp,256,16,0.024967
omp,256,16,0.025181
omp,256,16,0.024437
omp,256,16,0.023473
omp,256,16,0.024506
omp,256,16,0.025199
omp,256,16,0.024757
omp,256,16,0.026661
omp,256,16,0.024355
omp,256,16,0.025341
omp,256,16,0.025093
omp,256,16,0.024721
omp,256,32,0.027292
omp,256,32,0.027304
omp,256,32,0.027617
omp,256,32,0.028984
omp,256,32,0.027404
omp,256,32,0.027447
omp,256,32,0.028117
omp,256,32,0.028160
omp,256,32,0.028301
omp,256,32,0.028264
omp,256,32,0.028059
omp,256,32,0.027026
omp,256,32,0.026957
omp,256,32,0.027361
omp,256,32,0.026508
omp,512,1,0.260056
omp,512,1,0.220180
omp,512,1,0.206512
omp,512,1,0.199291
omp,512,1,0.193930
omp,512,1,0.193660
omp,512,1,0.192697
omp,512,1,0.193138
omp,512,1,0.191800
omp,512,1,0.189291
omp,512,1,0.191623
omp,512,1,0.192892
omp,512,1,0.189612
omp,512,1,0.193418
omp,512,1,0.188575
omp,512,2,0.098892
omp,512,2,0.103856
omp,512,2,0.107643
omp,512,2,0.110687
omp,512,2,0.114575
omp,512,2,0.126871
omp,512,2,0.118010
omp,512,2,0.117819
omp,512,2,0.117155
omp,512,2,0.113838
omp,512,2,0.114041
omp,512,2,0.113798
omp,512,2,0.117715
omp,512,2,0.119164
omp,512,2,0.114447
omp,512,4,0.059937
omp,512,4,0.063031
omp,512,4,0.065267
omp,512,4,0.067653
omp,512,4,0.069231
omp,512,4,0.070464
omp,512,4,0.070188
omp,512,4,0.072381
omp,512,4,0.073763
omp,512,4,0.073102
omp,512,4,0.073632
omp,512,4,0.077465
omp,512,4,0.073226
omp,512,4,0.072767
omp,512,4,0.072835
omp,512,8,0.071174
omp,512,8,0.071162
omp,512,8,0.071256
omp,512,8,0.072718
omp,512,8,0.074819
omp,512,8,0.074390
omp,512,8,0.074250
omp,512,8,0.073940
omp,512,8,0.074873
omp,512,8,0.074215
omp,512,8,0.074514
omp,512,8,0.073841
omp,512,8,0.073980
omp,512,8,0.074100
omp,512,8,0.074254
omp,512,16,0.079107
omp,512,16,0.075101
omp,512,16,0.077220
omp,512,16,0.078354
omp,512,16,0.078674
omp,512,16,0.077994
omp,512,16,0.078352
omp,512,16,0.078649
omp,512,16,0.079310
omp,512,16,0.078394
omp,512,16,0.077990
omp,512,16,0.077716
omp,512,16,0.075225
omp,512,16,0.077197
omp,512,16,0.078863
omp,512,32,0.082756
omp,512,32,0.082114
omp,512,32,0.082167
omp,512,32,0.082417
omp,512,32,0.083586
omp,512,32,0.089064
omp,512,32,0.093787
omp,512,32,0.085926
omp,512,32,0.086406
omp,512,32,0.083683
omp,512,32,0.083094
omp,512,32,0.086118
omp,512,32,0.085737
omp,512,32,0.082931
omp,512,32,0.082737
omp,1024,1,0.893378
omp,1024,1,0.767874
omp,1024,1,0.767192
omp,1024,1,0.765106
omp,1024,1,0.762708
omp,1024,1,0.774941
omp,1024,1,0.768619
omp,1024,1,0.764144
omp,1024,1,0.762820
omp,1024,1,0.777281
omp,1024,1,0.759991
omp,1024,1,0.760176
omp,1024,1,0.765394
omp,1024,1,0.769060
omp,1024,1,0.779140
omp,1024,2,0.421517
omp,1024,2,0.454542
omp,1024,2,0.464883
omp,1024,2,0.466584
omp,1024,2,0.464189
omp,1024,2,0.466657
omp,1024,2,0.465894
omp,1024,2,0.469624
omp,1024,2,0.463294
omp,1024,2,0.466265
omp,1024,2,0.464695
omp,1024,2,0.482665
omp,1024,2,0.480114
omp,1024,2,0.473801
omp,1024,2,0.543571
omp,1024,4,0.261813
omp,1024,4,0.287011
omp,1024,4,0.292647
omp,1024,4,0.297924
omp,1024,4,0.303052
omp,1024,4,0.297409
omp,1024,4,0.343541
omp,1024,4,0.557691
omp,1024,4,0.380681
omp,1024,4,0.330732
omp,1024,4,0.313997
omp,1024,4,0.313712
omp,1024,4,0.314640
omp,1024,4,0.344177
omp,1024,4,0.323747
omp,1024,8,0.339763
omp,1024,8,0.297470
omp,1024,8,0.295781
omp,1024,8,0.296366
omp,1024,8,0.301420
omp,1024,8,0.304174
omp,1024,8,0.305931
omp,1024,8,0.442675
omp,1024,8,0.361564
omp,1024,8,0.517829
omp,1024,8,0.331528
omp,1024,8,0.318639
omp,1024,8,0.320575
omp,1024,8,0.318769
omp,1024,8,0.317450
omp,1024,16,0.318907
omp,1024,16,0.337290
omp,1024,16,0.326977
omp,1024,16,0.310972
omp,1024,16,0.314336
omp,1024,16,0.306241
omp,1024,16,0.303003
omp,1024,16,0.304928
omp,1024,16,0.308979
omp,1024,16,0.307439
omp,1024,16,0.311325
omp,1024,16,0.307572
omp,1024,16,0.353364
omp,1024,16,0.422901
omp,1024,16,0.530400
omp,1024,32,0.468576
omp,1024,32,0.452411
omp,1024,32,0.365143
omp,1024,32,0.314421
omp,1024,32,0.306330
omp,1024,32,0.308654
omp,1024,32,0.305285
omp,1024,32,0.307801
omp,1024,32,0.327565
omp,1024,32,0.309599
omp,1024,32,0.309507
omp,1024,32,0.309094
omp,1024,32,0.305212
omp,1024,32,0.308826
omp,1024,32,0.307709
omp,2048,1,3.189603
omp,2048,1,3.122915
omp,2048,1,3.087654
omp,2048,1,3.086049
omp,2048,1,3.096045
omp,2048,1,3.102944
omp,2048,1,3.107767
omp,2048,1,3.107922
omp,2048,1,3.128141
omp,2048,1,3.077783
omp,2048,1,3.085128
omp,2048,1,3.121503
omp,2048,1,3.082176
omp,2048,1,3.095726
omp,2048,1,3.084304
omp,2048,2,1.820342
omp,2048,2,1.870315
omp,2048,2,1.861022
omp,2048,2,1.864538
omp,2048,2,1.853055
omp,2048,2,1.861318
omp,2048,2,1.856088
omp,2048,2,1.862706
omp,2048,2,1.860943
omp,2048,2,1.851871
omp,2048,2,1.882772
omp,2048,2,1.861098
omp,2048,2,1.857431
omp,2048,2,1.876947
omp,2048,2,1.864951
omp,2048,4,1.127317
omp,2048,4,1.177541
omp,2048,4,1.194448
omp,2048,4,1.182361
omp,2048,4,1.185995
omp,2048,4,1.175996
omp,2048,4,1.180401
omp,2048,4,1.191449
omp,2048,4,1.168578
omp,2048,4,1.185949
omp,2048,4,1.169279
omp,2048,4,1.187132
omp,2048,4,1.183616
omp,2048,4,1.173463
omp,2048,4,1.179761
omp,2048,8,1.190084
omp,2048,8,1.182750
omp,2048,8,1.214019
omp,2048,8,1.179120
omp,2048,8,1.182381
omp,2048,8,1.193312
omp,2048,8,1.186973
omp,2048,8,1.181861
omp,2048,8,1.182402
omp,2048,8,1.180633
omp,2048,8,1.182605
omp,2048,8,1.183241
omp,2048,8,1.192818
omp,2048,8,1.184414
omp,2048,8,1.181436
omp,2048,16,1.201903
omp,2048,16,1.217617
omp,2048,16,1.209859
omp,2048,16,1.209997
omp,2048,16,1.201317
omp,2048,16,1.208369
omp,2048,16,1.216574
omp,2048,16,1.222194
omp,2048,16,1.216400
omp,2048,16,1.209459
omp,2048,16,1.202836
omp,2048,16,1.253404
omp,2048,16,1.221274
omp,2048,16,1.209763
omp,2048,16,1.208367
omp,2048,32,1.208313
omp,2048,32,1.205107
omp,2048,32,1.196895
omp,2048,32,1.188982
omp,2048,32,1.192106
omp,2048,32,1.194709
omp,2048,32,1.192787
omp,2048,32,1.203240
omp,2048,32,1.198675
omp,2048,32,1.197471
omp,2048,32,1.194242
omp,2048,32,1.193578
omp,2048,32,1.193833
omp,2048,32,1.200733
omp,2048,32,1.219015
omp,4096,1,12.263183
omp,4096,1,12.296297
omp,4096,1,12.267297
omp,4096,1,12.283548
omp,4096,1,12.265557
omp,4096,1,12.215770
omp,4096,1,12.256943
omp,4096,1,12.242640
omp,4096,1,12.214100
omp,4096,1,12.662208
omp,4096,1,12.142913
omp,4096,1,12.256306
omp,4096,1,12.253554
omp,4096,1,12.254926
omp,4096,1,12.261158
omp,4096,2,7.312626
omp,4096,2,7.362134
omp,4096,2,7.361356
omp,4096,2,7.370191
omp,4096,2,7.361455
omp,4096,2,7.371859
omp,4096,2,7.373410
omp,4096,2,7.372223
omp,4096,2,7.436092
omp,4096,2,7.375400
omp,4096,2,7.394610
omp,4096,2,7.407291
omp,4096,2,7.459545
omp,4096,2,7.389225
omp,4096,2,7.397732
omp,4096,4,4.706923
omp,4096,4,4.699609
omp,4096,4,4.709922
omp,4096,4,4.707195
omp,4096,4,4.722445
omp,4096,4,4.709437
omp,4096,4,4.705062
omp,4096,4,4.757469
omp,4096,4,4.707634
omp,4096,4,4.687036
omp,4096,4,4.754151
omp,4096,4,4.699387
omp,4096,4,4.711637
omp,4096,4,4.716511
omp,4096,4,4.727292
omp,4096,8,4.729987
omp,4096,8,4.714751
omp,4096,8,4.728339
omp,4096,8,4.728903
omp,4096,8,4.763098
omp,4096,8,4.737465
omp,4096,8,4.725610
omp,4096,8,4.736455
omp,4096,8,4.723196
omp,4096,8,4.750505
omp,4096,8,4.781149
omp,4096,8,4.725272
omp,4096,8,4.730816
omp,4096,8,4.728005
omp,4096,8,4.731803
omp,4096,16,4.841509
omp,4096,16,4.825330
omp,4096,16,4.850123
omp,4096,16,4.836989
omp,4096,16,4.838536
omp,4096,16,4.905457
omp,4096,16,4.823813
omp,4096,16,4.810818
omp,4096,16,4.855533
omp,4096,16,4.800986
omp,4096,16,4.823325
omp,4096,16,4.826318
omp,4096,16,4.818151
omp,4096,16,4.820397
omp,4096,16,5.632282
omp,4096,32,4.812579
omp,4096,32,4.832260
omp,4096,32,4.814402
omp,4096,32,4.793271
omp,4096,32,4.800212
omp,4096,32,4.819131
omp,4096,32,4.807845
omp,4096,32,4.795154
omp,4096,32,4.781765
omp,4096,32,4.790885
omp,4096,32,4.781163
omp,4096,32,4.888195
omp,4096,32,4.972898
omp,4096,32,5.156374
omp,4096,32,4.967095

